communities,status
WayfindingTechnique,done
Task,done
DisplayDevice,done
PassiveInputDevice,done
CaveAutomaticVirtualEnvironment,untested
MagneticTracker,untested
Ergonomics,untested
SoftwareToolkit,untested
TrackingSystem,untested
InputDevice,untested
OutputDevice,untested
PerceptualFactor,untested
CognitiveFactor,untested
SelectionTechnique,untested
ManipulationTechnique,untested
TravelTechnique,untested
SystemControlTechnique,untested
UIComponent,untested
EvaluationMethod,untested
DesignPrinciple,untested
ApplicationDomain,untested
